part_key;part_name;group_name;subgroup_name;synonyms;sample_queries
item;Воздушный фильтр;Фильтры и обслуживание;Воздушный фильтр;air filter, фильтр воздуха, фильтр воздушный, фильтр двс;air filter | воздушный фильтр | фильтр воздуха | фильтр воздушный | фильтр двс
item;Масляный фильтр;Фильтры и обслуживание;Масляный фильтр;oil filter, маслофильтр, фильтр двигателя, фильтр масла;oil filter | маслофильтр | масляный фильтр | фильтр двигателя | фильтр масла
item;Топливный фильтр;Фильтры и обслуживание;Топливный фильтр;fuel filter, фильтр бензина, фильтр дизеля, фильтр топлива;fuel filter | топливный фильтр | фильтр бензина | фильтр дизеля | фильтр топлива
item;Салонный фильтр;Фильтры и обслуживание;Салонный фильтр;cabin filter, кабинный фильтр, пыльцевой фильтр, фильтр салона;cabin filter | кабинный фильтр | пыльцевой фильтр | салонный фильтр | фильтр салона
item;Фильтр АКПП;Фильтры и обслуживание;Фильтр АКПП;at filter, автомат фильтр, коробочный фильтр, фильтр автомата;at filter | автомат фильтр | коробочный фильтр | фильтр автомата | фильтр акпп
item;Фильтр ГУР;Фильтры и обслуживание;Фильтр ГУР;ps filter, гур фильтр, фильтр гидрача, фильтр гидроусилителя;ps filter | гур фильтр | фильтр гидрача | фильтр гидроусилителя | фильтр гур
item;Фильтр вариатора;Фильтры и обслуживание;Фильтр вариатора;cvt фильтр, вариаторный фильтр, фильтр cvt, фильтр коробки вариатора;cvt фильтр | вариаторный фильтр | фильтр cvt | фильтр вариатора | фильтр коробки вариатора
item;Фильтр осушителя;Фильтры и обслуживание;Фильтр осушителя;dryer filter, осушитель кондиционера, ресивер осушитель, фильтр кондиционера;dryer filter | осушитель кондиционера | ресивер осушитель | фильтр кондиционера | фильтр осушителя
item;Сеточка бензонасоса;Фильтры и обслуживание;Сеточка бензонасоса;носок бензонасоса, сетка топливного насоса, сеточка насоса, фильтр бензонасоса;носок бензонасоса | сетка топливного насоса | сеточка бензонасоса | сеточка насоса | фильтр бензонасоса
item;Корпус воздушного фильтра;Фильтры и обслуживание;Корпус фильтра;airbox, бокс фильтра, короб воздушного фильтра, корпус фильтра воздуха;airbox | бокс фильтра | короб воздушного фильтра | корпус воздушного фильтра | корпус фильтра воздуха
item;Крышка корпуса фильтра;Фильтры и обслуживание;Корпус фильтра;верх корпуса фильтра, крышка airbox, крышка воздушного фильтра, крышка фильтрбокса;верх корпуса фильтра | крышка airbox | крышка воздушного фильтра | крышка корпуса фильтра | крышка фильтрбокса
item;Уплотнитель фильтра;Фильтры и обслуживание;Уплотнитель фильтра;seal filter, прокладка фильтра, резинка фильтра, уплотнение фильтра;seal filter | прокладка фильтра | резинка фильтра | уплотнение фильтра | уплотнитель фильтра
item;Фильтрующий элемент;Фильтры и обслуживание;Фильтрующий элемент;filter element, вставка фильтра, картридж фильтра, элемент фильтра;filter element | вставка фильтра | картридж фильтра | фильтрующий элемент | элемент фильтра
item;Двигатель в сборе;Двигатель;Двигатель в сборе;engine assembly, двс в сборе, мотор в сборе, силовой агрегат;engine assembly | двигатель в сборе | двс в сборе | мотор в сборе | силовой агрегат
item;Блок цилиндров;Двигатель;Блок цилиндров;short block, блок двигателя, блок двс, блок мотора;short block | блок двигателя | блок двс | блок мотора | блок цилиндров
item;Головка блока цилиндров;Двигатель;ГБЦ;cylinder head, гбц, голова двигателя, головка двигателя;cylinder head | гбц | голова двигателя | головка блока цилиндров | головка двигателя
item;Поршень;Двигатель;Поршневая группа;piston, поршень двигателя, поршневая, поршня;piston | поршень | поршень двигателя | поршневая | поршня
item;Поршневые кольца;Двигатель;Поршневая группа;piston rings, кольца двигателя, кольца поршня, комплект колец;piston rings | кольца двигателя | кольца поршня | комплект колец | поршневые кольца
item;Шатун;Двигатель;КШМ;connecting rod, тяга поршня, шатун двигателя, шатуны;connecting rod | тяга поршня | шатун | шатун двигателя | шатуны
item;Коленвал;Двигатель;КШМ;crankshaft, к/вал, коленчатый, коленчатый вал;crankshaft | к/вал | коленвал | коленчатый | коленчатый вал
item;Распредвал;Двигатель;ГРМ;camshaft, р/вал, распред, распределительный вал;camshaft | р/вал | распред | распредвал | распределительный вал
item;Гидрокомпенсатор;Двигатель;Клапанный механизм;hydraulic lifter, гидрик, гидрокомпенсаторы, компенсатор клапана;hydraulic lifter | гидрик | гидрокомпенсатор | гидрокомпенсаторы | компенсатор клапана
item;Толкатель клапана;Двигатель;Клапанный механизм;valve tappet, клапанный стакан, стакан клапана, толкатель;valve tappet | клапанный стакан | стакан клапана | толкатель | толкатель клапана
item;Клапан впускной;Двигатель;Клапанный механизм;intake valve, впуск клапан, впускной клапан, клапан впуска;intake valve | впуск клапан | впускной клапан | клапан впуска | клапан впускной
item;Клапан выпускной;Двигатель;Клапанный механизм;exhaust valve, выпуск клапан, выпускной клапан, клапан выпуска;exhaust valve | выпуск клапан | выпускной клапан | клапан выпуска | клапан выпускной
item;Направляющая клапана;Двигатель;Клапанный механизм;guide valve, втулка клапана, направляйка клапана, направляющая втулка;guide valve | втулка клапана | направляйка клапана | направляющая втулка | направляющая клапана
item;Сальник клапана;Двигатель;Клапанный механизм;valve stem seal, колпачок клапана, маслосъемный колпачок, мск;valve stem seal | колпачок клапана | маслосъемный колпачок | мск | сальник клапана
item;Прокладка ГБЦ;Двигатель;Прокладки двигателя;head gasket, гбц прокладка, прокладка головки, прокладка головки блока;head gasket | гбц прокладка | прокладка гбц | прокладка головки | прокладка головки блока
item;Прокладка клапанной крышки;Двигатель;Прокладки двигателя;valve cover gasket, прокладка клапанной, прокладка крышки гбц, прокладка крышки клапанов;valve cover gasket | прокладка клапанной | прокладка клапанной крышки | прокладка крышки гбц | прокладка крышки клапанов
item;Поддон двигателя;Двигатель;Смазочная система;oil pan, картер двигателя, масляный поддон, поддон мотора;oil pan | картер двигателя | масляный поддон | поддон двигателя | поддон мотора
item;Масляный насос;Двигатель;Смазочная система;oil pump, маслонасос, насос масла, насос смазки;oil pump | маслонасос | масляный насос | насос масла | насос смазки
item;Маслоприемник;Двигатель;Смазочная система;oil pickup, заборник масла, маслозаборник, приемник масла;oil pickup | заборник масла | маслозаборник | маслоприемник | приемник масла
item;Масляный щуп;Двигатель;Смазочная система;oil dipstick, измеритель масла, щуп масла, щуп уровня масла;oil dipstick | измеритель масла | масляный щуп | щуп масла | щуп уровня масла
item;Ремень ГРМ;ГРМ;Ремень ГРМ;timing belt, грм ремень, ремень газораспределения, ремень распредвала;timing belt | грм ремень | ремень газораспределения | ремень грм | ремень распредвала
item;Цепь ГРМ;ГРМ;Цепь ГРМ;timing chain, грм цепь, цепь газораспределения, цепь распредвала;timing chain | грм цепь | цепь газораспределения | цепь грм | цепь распредвала
item;Натяжитель ГРМ;ГРМ;Натяжитель;timing tensioner, грм натяжитель, натяжитель ремня грм, натяжитель цепи грм;timing tensioner | грм натяжитель | натяжитель грм | натяжитель ремня грм | натяжитель цепи грм
item;Ролик натяжной;ГРМ;Ролики;tensioner pulley, натяжной ролик, ролик грм, ролик натяжителя;tensioner pulley | натяжной ролик | ролик грм | ролик натяжителя | ролик натяжной
item;Ролик обводной;ГРМ;Ролики;idler pulley, обводной ролик, паразитный ролик, ролик паразитный;idler pulley | обводной ролик | паразитный ролик | ролик обводной | ролик паразитный
item;Звезда распредвала;ГРМ;Шестерни и звезды;cam gear, звезда р/вала, звездочка распредвала, шестерня распредвала;cam gear | звезда р/вала | звезда распредвала | звездочка распредвала | шестерня распредвала
item;Звезда коленвала;ГРМ;Шестерни и звезды;crank gear, звезда к/вала, звездочка коленвала, шестерня коленвала;crank gear | звезда к/вала | звезда коленвала | звездочка коленвала | шестерня коленвала
item;Башмак цепи;ГРМ;Цепной привод;chain guide shoe, башмак грм, башмак натяжителя, направляющая башмак;chain guide shoe | башмак грм | башмак натяжителя | башмак цепи | направляющая башмак
item;Успокоитель цепи;ГРМ;Цепной привод;chain damper, направляющая цепи, планка цепи, успокоитель грм;chain damper | направляющая цепи | планка цепи | успокоитель грм | успокоитель цепи
item;Комплект ГРМ;ГРМ;Комплект ГРМ;timing kit, грм комплект, набор грм, ремкомплект грм;timing kit | грм комплект | комплект грм | набор грм | ремкомплект грм
item;Помпа в комплекте ГРМ;ГРМ;Комплект ГРМ;timing kit with water pump, грм комплект с помпой, комплект грм помпа, набор грм с помпой;timing kit with water pump | грм комплект с помпой | комплект грм помпа | набор грм с помпой | помпа в комплекте грм
item;Крышка ГРМ;ГРМ;Крышки и кожухи;timing cover, кожух грм, крышка ремня грм, крышка цепи грм;timing cover | кожух грм | крышка грм | крышка ремня грм | крышка цепи грм
item;Сальник коленвала;ГРМ;Сальники;crankshaft seal, задний сальник коленвала, передний сальник коленвала, сальник к/вала;crankshaft seal | задний сальник коленвала | передний сальник коленвала | сальник к/вала | сальник коленвала
item;Сальник распредвала;ГРМ;Сальники;camshaft seal, манжета распредвала, сальник р/вала, сальник распреда;camshaft seal | манжета распредвала | сальник р/вала | сальник распреда | сальник распредвала
item;Радиатор охлаждения;Система охлаждения;Радиатор;cooling radiator, основной радиатор, радиатор двигателя, радиатор двс;cooling radiator | основной радиатор | радиатор двигателя | радиатор двс | радиатор охлаждения
item;Радиатор печки;Система охлаждения;Печка;heater core, печной радиатор, радиатор отопителя, радиатор салона;heater core | печной радиатор | радиатор отопителя | радиатор печки | радиатор салона
item;Помпа;Система охлаждения;Водяной насос;water pump, водяная помпа, насос охлаждения, помпа двигателя;water pump | водяная помпа | насос охлаждения | помпа | помпа двигателя
item;Термостат;Система охлаждения;Термостат;thermostat, клапан термостата, термостат двигателя, термоэлемент;thermostat | клапан термостата | термостат | термостат двигателя | термоэлемент
item;Корпус термостата;Система охлаждения;Термостат;thermostat housing, домик термостата, корпус термо, фланец термостата;thermostat housing | домик термостата | корпус термо | корпус термостата | фланец термостата
item;Патрубок радиатора;Система охлаждения;Патрубки;radiator hose, верхний патрубок радиатора, нижний патрубок радиатора, шланг радиатора;radiator hose | верхний патрубок радиатора | нижний патрубок радиатора | патрубок радиатора | шланг радиатора
item;Патрубок печки;Система охлаждения;Патрубки;heater hose, патрубок отопителя, шланг отопителя, шланг печки;heater hose | патрубок отопителя | патрубок печки | шланг отопителя | шланг печки
item;Расширительный бачок;Система охлаждения;Бачок;coolant reservoir, бачок антифриза, бачок ож, расширительный;coolant reservoir | бачок антифриза | бачок ож | расширительный | расширительный бачок
item;Крышка расширительного бачка;Система охлаждения;Бачок;reservoir cap, крышка бачка, крышка бачка антифриза, пробка расширительного бачка;reservoir cap | крышка бачка | крышка бачка антифриза | крышка расширительного бачка | пробка расширительного бачка
item;Вентилятор охлаждения;Система охлаждения;Вентилятор;cooling fan, вентилятор радиатора, карлсон, электровентилятор;cooling fan | вентилятор охлаждения | вентилятор радиатора | карлсон | электровентилятор
item;Мотор вентилятора;Система охлаждения;Вентилятор;fan motor, двигатель вентилятора, моторчик вентилятора, электромотор вентилятора;fan motor | двигатель вентилятора | мотор вентилятора | моторчик вентилятора | электромотор вентилятора
item;Датчик температуры;Система охлаждения;Датчики;coolant temp sensor, датчик температуры двигателя, датчик температуры ож, дтож;coolant temp sensor | датчик температуры | датчик температуры двигателя | датчик температуры ож | дтож
item;Датчик включения вентилятора;Система охлаждения;Датчики;fan switch sensor, датчик вентилятора, датчик срабатывания вентилятора, термовыключатель вентилятора;fan switch sensor | датчик вентилятора | датчик включения вентилятора | датчик срабатывания вентилятора | термовыключатель вентилятора
item;Антифриз;Система охлаждения;Жидкости;coolant, ож, охлаждающая жидкость, тосол;coolant | антифриз | ож | охлаждающая жидкость | тосол
item;Пробка сливная радиатора;Система охлаждения;Крепеж и пробки;radiator drain plug, кран радиатора, пробка радиатора, сливная пробка радиатора;radiator drain plug | кран радиатора | пробка радиатора | пробка сливная радиатора | сливная пробка радиатора
item;Бензонасос;Топливная система;Топливный насос;fuel pump, насос в баке, насос топлива, топливный насос;fuel pump | бензонасос | насос в баке | насос топлива | топливный насос
item;Топливная рампа;Топливная система;Подача топлива;fuel rail, рампа форсунок, рейка форсунок, топливная рейка;fuel rail | рампа форсунок | рейка форсунок | топливная рампа | топливная рейка
item;Форсунка;Топливная система;Форсунки;injector, инжектор, распылитель форсунки, топливная форсунка;injector | инжектор | распылитель форсунки | топливная форсунка | форсунка
item;Регулятор давления топлива;Топливная система;Подача топлива;fuel pressure regulator, клапан давления топлива, рдт, регулятор топлива;fuel pressure regulator | клапан давления топлива | рдт | регулятор давления топлива | регулятор топлива
item;Дроссельная заслонка;Топливная система;Дроссель;throttle body, дроссель, дроссельный узел, заслонка дросселя;throttle body | дроссель | дроссельная заслонка | дроссельный узел | заслонка дросселя
item;Коллектор впускной;Впуск и выпуск;Впуск;intake manifold, впуск, впускной коллектор, ресивер впуска;intake manifold | впуск | впускной коллектор | коллектор впускной | ресивер впуска
item;Коллектор выпускной;Впуск и выпуск;Выпуск;exhaust manifold, выпуск, выпускной коллектор, штаны коллектора;exhaust manifold | выпуск | выпускной коллектор | коллектор выпускной | штаны коллектора
item;Катализатор;Впуск и выпуск;Выпуск;catalytic converter, кат, каталик, нейтрализатор;catalytic converter | кат | катализатор | каталик | нейтрализатор
item;Глушитель;Впуск и выпуск;Выпуск;muffler, банка глушителя, задняя банка, основной глушитель;muffler | банка глушителя | глушитель | задняя банка | основной глушитель
item;Лямбда-зонд;Впуск и выпуск;Датчики;o2 sensor, oxygen sensor, датчик кислорода, лямбда;o2 sensor | oxygen sensor | датчик кислорода | лямбда | лямбда-зонд
item;ЕГР клапан;Впуск и выпуск;Экология;egr клапан, егр, клапан egr, клапан рециркуляции;egr клапан | егр | егр клапан | клапан egr | клапан рециркуляции
item;Тормозные колодки;Тормозная система;Колодки;brake pads, колодки, передние колодки, тормозные накладки;brake pads | колодки | передние колодки | тормозные колодки | тормозные накладки
item;Тормозные диски;Тормозная система;Диски;brake discs, диски тормозные, ротор тормозной, тормозной диск;brake discs | диски тормозные | ротор тормозной | тормозной диск | тормозные диски
item;Тормозной суппорт;Тормозная система;Суппорты;brake caliper, корпус суппорта, суппорт, тормозная машинка;brake caliper | корпус суппорта | суппорт | тормозная машинка | тормозной суппорт
item;Ремкомплект суппорта;Тормозная система;Суппорты;caliper repair kit, ремка суппорта, ремкомплект суппорта тормозного, ремнабор суппорта;caliper repair kit | ремка суппорта | ремкомплект суппорта | ремкомплект суппорта тормозного | ремнабор суппорта
item;Тормозной шланг;Тормозная система;Магистрали;brake hose, гибкий тормозной шланг, тормозной рукав, шланг тормозной;brake hose | гибкий тормозной шланг | тормозной рукав | тормозной шланг | шланг тормозной
item;Главный тормозной цилиндр;Тормозная система;Цилиндры;master cylinder, главный цилиндр тормозов, гтц, тормозной главный цилиндр;master cylinder | главный тормозной цилиндр | главный цилиндр тормозов | гтц | тормозной главный цилиндр
item;Вакуумный усилитель тормозов;Тормозная система;Усилитель;brake booster, вакуумник тормозов, вакуумный усилитель, вут;brake booster | вакуумник тормозов | вакуумный усилитель | вакуумный усилитель тормозов | вут
item;Трос ручника;Тормозная система;Стояночный тормоз;parking brake cable, ручник, трос ручного тормоза, трос стояночного тормоза;parking brake cable | ручник | трос ручника | трос ручного тормоза | трос стояночного тормоза
abs;Датчик ABS;Тормозная система;ABS;abs sensor, датчик абс, датчик скорости колеса, колесный датчик abs;abs sensor | датчик abs | датчик абс | датчик скорости колеса | колесный датчик abs
item;Амортизатор;Подвеска;Амортизаторы;shock absorber, аморт, амортизатор подвески, стойка амортизатора;shock absorber | аморт | амортизатор | амортизатор подвески | стойка амортизатора
item;Пружина подвески;Подвеска;Пружины;suspension spring, витая пружина, пружина, пружина амортизатора;suspension spring | витая пружина | пружина | пружина амортизатора | пружина подвески
item;Опорный подшипник;Подвеска;Опоры;strut bearing, верхний подшипник стойки, опорник, подшипник опоры стойки;strut bearing | верхний подшипник стойки | опорник | опорный подшипник | подшипник опоры стойки
item;Сайлентблок;Подвеска;Рычаги и втулки;silent block, втулка рычага, резинометаллический шарнир, сайлент;silent block | втулка рычага | резинометаллический шарнир | сайлент | сайлентблок
item;Рычаг подвески;Подвеска;Рычаги и втулки;control arm, верхний рычаг, нижний рычаг, рычаг;control arm | верхний рычаг | нижний рычаг | рычаг | рычаг подвески
item;Шаровая опора;Подвеска;Шарниры;ball joint, опора шаровая, шаровая, шаровый шарнир;ball joint | опора шаровая | шаровая | шаровая опора | шаровый шарнир
item;Стойка стабилизатора;Подвеска;Стабилизатор;stabilizer link, косточка стабилизатора, линк, стойка стаба;stabilizer link | косточка стабилизатора | линк | стойка стаба | стойка стабилизатора
item;Втулка стабилизатора;Подвеска;Стабилизатор;bushing stabilizer, втулка стаба, подушка стабилизатора, резинка стабилизатора;bushing stabilizer | втулка стаба | втулка стабилизатора | подушка стабилизатора | резинка стабилизатора
item;Ступица;Подвеска;Ступицы;hub, ступица колеса, ступичный, ступичный узел;hub | ступица | ступица колеса | ступичный | ступичный узел
item;Подшипник ступицы;Подвеска;Ступицы;wheel bearing, подшипник ступичный, ступица подшипник, ступичный подшипник;wheel bearing | подшипник ступицы | подшипник ступичный | ступица подшипник | ступичный подшипник
item;Рулевая рейка;Рулевое управление;Рейка;steering rack, рейка, рейка рулевая, рулевой механизм;steering rack | рейка | рейка рулевая | рулевая рейка | рулевой механизм
item;Рулевая тяга;Рулевое управление;Тяги и наконечники;steering tie rod, внутренняя тяга, рулевая тяга внутренняя, тяга рулевая;steering tie rod | внутренняя тяга | рулевая тяга | рулевая тяга внутренняя | тяга рулевая
item;Наконечник рулевой тяги;Рулевое управление;Тяги и наконечники;tie rod end, наконечник тяги, рулевой наконечник, рулевой палец;tie rod end | наконечник рулевой тяги | наконечник тяги | рулевой наконечник | рулевой палец
item;Насос ГУР;Рулевое управление;ГУР;power steering pump, гур насос, насос гидрача, насос гидроусилителя;power steering pump | гур насос | насос гидрача | насос гидроусилителя | насос гур
item;Бачок ГУР;Рулевое управление;ГУР;power steering reservoir, бачок гидрача, бачок гидроусилителя, резервуар гур;power steering reservoir | бачок гидрача | бачок гидроусилителя | бачок гур | резервуар гур
item;Сцепление;Трансмиссия;Сцепление;clutch kit, комплект сцепления, сцепа, узел сцепления;clutch kit | комплект сцепления | сцепа | сцепление | узел сцепления
item;Диск сцепления;Трансмиссия;Сцепление;clutch disc, ведомый диск, диск сцепы, фрикционный диск;clutch disc | ведомый диск | диск сцепления | диск сцепы | фрикционный диск
item;Корзина сцепления;Трансмиссия;Сцепление;clutch cover, корзина, корзина сцепы, нажимной диск сцепления;clutch cover | корзина | корзина сцепления | корзина сцепы | нажимной диск сцепления
item;Выжимной подшипник;Трансмиссия;Сцепление;release bearing, выжимной, подшипник выжима, подшипник сцепления;release bearing | выжимной | выжимной подшипник | подшипник выжима | подшипник сцепления
item;Маховик;Трансмиссия;Сцепление;flywheel, двухмассовый маховик, демпферный маховик, маховик двигателя;flywheel | двухмассовый маховик | демпферный маховик | маховик | маховик двигателя
item;АКПП;Трансмиссия;Коробка передач;automatic transmission, автомат коробка, автоматическая коробка, коробка автомат;automatic transmission | автомат коробка | автоматическая коробка | акпп | коробка автомат
item;МКПП;Трансмиссия;Коробка передач;manual transmission, коробка механика, механика коробка, механическая коробка;manual transmission | коробка механика | механика коробка | механическая коробка | мкпп
item;ШРУС;Привод и полуоси;ШРУС;cv joint, граната, приводной шарнир, шарнир равных угловых скоростей;cv joint | граната | приводной шарнир | шарнир равных угловых скоростей | шрус
item;Пыльник ШРУСа;Привод и полуоси;ШРУС;cv boot, пыльник гранаты, пыльник привода, резинка шруса;cv boot | пыльник гранаты | пыльник привода | пыльник шруса | резинка шруса
item;Полуось;Привод и полуоси;Полуоси;drive shaft, ось привода, полуось колеса, привод;drive shaft | ось привода | полуось | полуось колеса | привод
item;Аккумулятор;Электрика и зажигание;Питание;car battery, акб, аккум, батарея авто;car battery | акб | аккум | аккумулятор | батарея авто
item;Генератор;Электрика и зажигание;Питание;alternator, альтернатор, гена, генераторный узел;alternator | альтернатор | гена | генератор | генераторный узел
item;Стартер;Электрика и зажигание;Пуск;starter, пусковой стартер, стартер двигателя, стартерный мотор;starter | пусковой стартер | стартер | стартер двигателя | стартерный мотор
item;Катушка зажигания;Электрика и зажигание;Зажигание;coil pack, бобина зажигания, катушка, модуль зажигания;coil pack | бобина зажигания | катушка | катушка зажигания | модуль зажигания
item;Свеча зажигания;Электрика и зажигание;Зажигание;spark plug, зажигательная свеча, свечи, свечка зажигания;spark plug | зажигательная свеча | свеча зажигания | свечи | свечка зажигания
item;Реле бензонасоса;Электрика и зажигание;Реле и предохранители;fuel pump relay, бензонасос реле, реле насоса, реле топливного насоса;fuel pump relay | бензонасос реле | реле бензонасоса | реле насоса | реле топливного насоса
item;Датчик коленвала;Электрика и зажигание;Датчики двигателя;crankshaft sensor, датчик к/вала, датчик положения коленвала, дпкв;crankshaft sensor | датчик к/вала | датчик коленвала | датчик положения коленвала | дпкв
item;Датчик распредвала;Электрика и зажигание;Датчики двигателя;camshaft sensor, датчик положения распредвала, датчик р/вала, дпрв;camshaft sensor | датчик положения распредвала | датчик р/вала | датчик распредвала | дпрв
item;Фара;Освещение;Передняя оптика;headlight, блок-фара, оптика передняя, передняя фара;headlight | блок-фара | оптика передняя | передняя фара | фара
item;Задний фонарь;Освещение;Задняя оптика;tail light, задняя фара, стопарь, фонарь задний;tail light | задний фонарь | задняя фара | стопарь | фонарь задний
item;Противотуманная фара;Освещение;ПТФ;fog light, противотуманка, птф, туманка;fog light | противотуманка | противотуманная фара | птф | туманка
item;Лампа ближнего света;Освещение;Лампы;bulb low beam, ближний свет лампа, лампа ближнего, лампочка ближнего света;bulb low beam | ближний свет лампа | лампа ближнего | лампа ближнего света | лампочка ближнего света
item;Капот;Кузов;Передняя часть;hood, капотина, крышка капота, панель капота;hood | капот | капотина | крышка капота | панель капота
item;Крыло;Кузов;Наружные панели;fender, автокрыло, крыло заднее, крыло переднее;fender | автокрыло | крыло | крыло заднее | крыло переднее
item;Дверь;Кузов;Наружные панели;door shell, автодверь, дверка, дверь в сборе;door shell | автодверь | дверка | дверь | дверь в сборе
item;Бампер;Кузов;Наружные панели;bumper, буфер, задний бампер, передний бампер;bumper | бампер | буфер | задний бампер | передний бампер
item;Решетка радиатора;Кузов;Передняя часть;grille, морда решетка, радиаторная решетка, решетка;grille | морда решетка | радиаторная решетка | решетка | решетка радиатора
item;Лобовое стекло;Стекла и зеркала;Стекла;windshield, ветровое стекло, лобач, переднее стекло;windshield | ветровое стекло | лобач | лобовое стекло | переднее стекло
item;Зеркало боковое;Стекла и зеркала;Зеркала;side mirror, боковое зеркало, зеркало двери, наружное зеркало;side mirror | боковое зеркало | зеркало боковое | зеркало двери | наружное зеркало
item;Стеклоподъемник;Стекла и зеркала;Стеклоподъемники;window regulator, механизм стеклоподъемника, подъемник стекла, стеклоподьемник;window regulator | механизм стеклоподъемника | подъемник стекла | стеклоподъемник | стеклоподьемник
item;Трапеция дворников;Стекла и зеркала;Стеклоочиститель;wiper linkage, механизм дворников, привод дворников, трапеция стеклоочистителя;wiper linkage | механизм дворников | привод дворников | трапеция дворников | трапеция стеклоочистителя
item;Панель приборов;Салон;Панели;instrument cluster, комбинация приборов, приборка, щиток приборов;instrument cluster | комбинация приборов | панель приборов | приборка | щиток приборов
item;Сиденье;Салон;Сиденья;seat, автосиденье, кресло авто, сидушка;seat | автосиденье | кресло авто | сиденье | сидушка
item;Подушка безопасности;Безопасность;SRS;airbag, подушка airbag, подушка srs, эйрбэг;airbag | подушка airbag | подушка srs | подушка безопасности | эйрбэг
item;Компрессор кондиционера;Отопление и кондиционер;Кондиционер;ac compressor, компрессор климата, компрессор кондея, насос кондиционера;ac compressor | компрессор климата | компрессор кондея | компрессор кондиционера | насос кондиционера
item;Радиатор кондиционера;Отопление и кондиционер;Кондиционер;ac condenser, конденсер, конденсор, радиатор кондея;ac condenser | конденсер | конденсор | радиатор кондея | радиатор кондиционера
item;Мотор печки;Отопление и кондиционер;Печка;blower motor, вентилятор печки, двигатель печки, моторчик печки;blower motor | вентилятор печки | двигатель печки | мотор печки | моторчик печки
item;Блок управления климатом;Отопление и кондиционер;Климат;climate control unit, блок печки, климат блок, панель климата;climate control unit | блок печки | блок управления климатом | климат блок | панель климата
item;Щетки стеклоочистителя;Дворники и омыватель;Щетки;wiper blades, дворники, резинки дворников, щетки дворников;wiper blades | дворники | резинки дворников | щетки дворников | щетки стеклоочистителя
item;Насос омывателя;Дворники и омыватель;Омыватель;washer pump, моторчик омывателя, насос стеклоомывателя, омыватель насос;washer pump | моторчик омывателя | насос омывателя | насос стеклоомывателя | омыватель насос
item;Форсунка омывателя;Дворники и омыватель;Омыватель;washer nozzle, жиклер омывателя, писалка омывателя, форсунка стеклоомывателя;washer nozzle | жиклер омывателя | писалка омывателя | форсунка омывателя | форсунка стеклоомывателя
item;Диск колесный;Колеса и ступицы;Колеса;rim, колесный диск, литой диск, штампованный диск;rim | диск колесный | колесный диск | литой диск | штампованный диск
item;Шина;Колеса и ступицы;Колеса;tire, автошина, покрышка, резина;tire | автошина | покрышка | резина | шина
item;Датчик давления в шинах;Колеса и ступицы;TPMS;tire pressure sensor, датчик tpms, датчик давления колес, датчик давления шин;tire pressure sensor | датчик tpms | датчик давления в шинах | датчик давления колес | датчик давления шин
item;Датчик массового расхода воздуха;Датчики;Датчики двигателя;maf sensor, датчик расхода воздуха, дмрв, расходомер воздуха;maf sensor | датчик массового расхода воздуха | датчик расхода воздуха | дмрв | расходомер воздуха
item;Датчик положения дросселя;Датчики;Датчики двигателя;tps sensor, датчик дросселя, датчик заслонки, дпдз;tps sensor | датчик дросселя | датчик заслонки | датчик положения дросселя | дпдз
item;Датчик скорости;Датчики;Датчики движения;speed sensor, vss, датчик спидометра, скоростной датчик;speed sensor | vss | датчик скорости | датчик спидометра | скоростной датчик
item;Моторное масло;Жидкости и расходники;Масла;engine oil, масло двигателя, масло двс, смазка двигателя;engine oil | масло двигателя | масло двс | моторное масло | смазка двигателя
item;Тормозная жидкость;Жидкости и расходники;Жидкости;brake fluid, dot4, жидкость тормозов, тормозуха;brake fluid | dot4 | жидкость тормозов | тормозная жидкость | тормозуха
item;Жидкость ГУР;Жидкости и расходники;Жидкости;power steering fluid, атф в гур, жидкость гидроусилителя, масло гур;power steering fluid | атф в гур | жидкость гидроусилителя | жидкость гур | масло гур
item;Герметик;Жидкости и расходники;Расходники;sealant, автогерметик, прокладочный герметик, силикон герметик;sealant | автогерметик | герметик | прокладочный герметик | силикон герметик
item;Хомут;Крепеж и мелочевка;Крепеж;clamp, зажим хомута, металлический хомут, хомут шланга;clamp | зажим хомута | металлический хомут | хомут | хомут шланга
item;Клипса;Крепеж и мелочевка;Крепеж;trim clip, клипа, крепежная клипса, пистон;trim clip | клипа | клипса | крепежная клипса | пистон
item;Сажевый фильтр;Выхлоп и экология;Экология;diesel particulate filter, dpf, сажевик, фильтр твердых частиц;diesel particulate filter | dpf | сажевик | сажевый фильтр | фильтр твердых частиц
item;Адсорбер;Выхлоп и экология;Экология;evap canister, абсорбер паров, канистра адсорбера, угольный адсорбер;evap canister | абсорбер паров | адсорбер | канистра адсорбера | угольный адсорбер
item;Преднатяжитель ремня;Безопасность;Ремни;seat belt pretensioner, натяжитель ремня безопасности, пиропатрон ремня, преднатяжитель;seat belt pretensioner | натяжитель ремня безопасности | пиропатрон ремня | преднатяжитель | преднатяжитель ремня
item;Парктроник;Тюнинг и доп.оборудование;Парковочные системы;parking sensor, датчик парковки, парковочный датчик, парксенсор;parking sensor | датчик парковки | парковочный датчик | парксенсор | парктроник
item;Камера заднего вида;Тюнинг и доп.оборудование;Парковочные системы;rear view camera, задняя камера, камера назад, камера парковки;rear view camera | задняя камера | камера заднего вида | камера назад | камера парковки
item;Магнитола;Тюнинг и доп.оборудование;Мультимедиа;head unit, автомагнитола, головное устройство, штатная магнитола;head unit | автомагнитола | головное устройство | магнитола | штатная магнитола
